{"cameraMode":{"drawMode":0,"name":"Shaded","section":"Shading Mode"},"sceneLighting":false,"audioPlay":false,"sceneViewState":{"showFog":true,"showMaterialUpdate":false,"showSkybox":false,"showFlares":true,"showImageEffects":true,"showParticleSystems":true},"in2DMode":false,"pivot":{"x":2.856515884399414,"y":20.875995635986329,"z":53.337467193603519},"rotation":{"x":-0.08307735621929169,"y":-0.18222853541374207,"z":0.01544862613081932,"w":-0.9796501994132996},"size":1.9017354249954224,"orthographic":true}